Type,Name,Request Count,Failure Count,Median Response Time,Average Response Time,Min Response Time,Max Response Time,Average Content Size,Requests/s,Failures/s,50%,66%,75%,80%,90%,95%,98%,99%,99.9%,99.99%,100%
POST,/api/v1/devices/messages,116018,0,16,116.69940722673985,2.272303001518594,3150.338442001157,66.0,606.8982273671618,0.0,16,50,110,170,360,590,780,1000,2700,3100,3200
,Aggregated,116018,0,16,116.69940722673985,2.272303001518594,3150.338442001157,66.0,606.8982273671618,0.0,16,50,110,170,360,590,780,1000,2700,3100,3200
