Type,Name,Request Count,Failure Count,Median Response Time,Average Response Time,Min Response Time,Max Response Time,Average Content Size,Requests/s,Failures/s,50%,66%,75%,80%,90%,95%,98%,99%,99.9%,99.99%,100%
POST,/api/v1/devices/messages,136293,0,800.0,793.1649298966363,0.785356001870241,9940.983876000246,66.0,881.692094277541,0.0,800,870,900,920,970,1000,1100,1100,8400,9900,9900
,Aggregated,136293,0,800.0,793.1649298966363,0.785356001870241,9940.983876000246,66.0,881.692094277541,0.0,800,870,900,920,970,1000,1100,1100,8400,9900,9900
